AccountSource,BillingCity,BillingCountry,BillingCountryCode,BillingGeocodeAccuracy,BillingLatitude,BillingLongitude,BillingPostalCode,BillingState,BillingStateCode,BillingStreet,companycam__ProjectID__c,Description,Id,Industry,Jigsaw,Name,NumberOfEmployees,OperatingHours.Name,OperatingHoursId,Parent.Name,ParentId,Phone,Quickbooks_Customer__c,Quickbooks_Customer__r.Name,ShippingCity,ShippingCountry,ShippingCountryCode,ShippingGeocodeAccuracy,ShippingLatitude,ShippingLongitude,ShippingPostalCode,ShippingState,ShippingStateCode,ShippingStreet,SicDesc,SourceSystemIdentifier,Trigger_Quickbooks_Send__c,Type,Website
,Franklin,United States,US,,,,37064,Tennessee,TN,136 Ewingville Drive,,,001WE00000taXozYAE,,,Household of Thomas Jones,,,,,,1234567890,a06WE00000aa9w6YAA,Household of Thomas Jones,Franklin,United States,US,,,,37064,Tennessee,TN,136 Ewingville Drive,,,true,Property Owner,
Advertisement,Franklin,United States,US,,,,37067,Tennessee,TN,605 Grange Hill Court,,,001WE00000tabuIYAQ,,,Stadler Household,,,,,,,a06WE00000aa9w7YAA,Stadler Household,Franklin,United States,US,,,,37067,Tennessee,TN,605 Grange Hill Court,,,true,Property Owner,
,Franklin,United States,US,,,,37067,Tennessee,TN,3830 Carothers Parkway,,,001WE00000tavrMYAQ,,,Krahnborn 2,,,,,,,a06WE00000aa9w8YAA,Krahnborn 2,Franklin,United States,US,,,,37067,Tennessee,TN,3830 Carothers Parkway,,,true,Property Owner,
Website,Franklin,United States,US,,,,37064,Tennessee,TN,108 New Highway 96 West,,,001WE00000tjk3pYAA,,,FridayTests,,,,,,,a06WE00000aa9w9YAA,FridayTests,Franklin,United States,US,,,,37064,Tennessee,TN,108 New Highway 96 West,,,true,Property Owner,
,Madison,United States,US,,,,53703,Wisconsin,WI,345 West Washington Avenue,,,001WE00000tjxHBYAY,,,Rizzo Property Management,,,,,,,a06WE00000aa9wAYAQ,Rizzo Property Management,Madison,United States,US,,,,53703,Wisconsin,WI,345 West Washington Avenue,,,true,Property Management Company,
,,,,,,,,,,,,,001WE00000tk0LWYAY,,,Piontek Household,,,,,,,a06WE00000aa9wBYAQ,Piontek Household,,,,,,,,,,,,,true,Property Owner,
,,,,,,,,,,,,,001WE00000tkC6XYAU,Insurance,,A-OK Insurance,,,,,,,a06WE00000aa9wCYAQ,A-OK Insurance,,,,,,,,,,,,,true,Insurance Company,
,Springfield,United States,US,,,,37172,Tennessee,TN,124 W 6th Ave,,,001WE00000tkDU2YAM,,,Simpson Household,,,,,,,a06WE00000aa9wDYAQ,Simpson Household,Springfield,United States,US,,,,37172,Tennessee,TN,124 W 6th Ave,,,true,Property Owner,
Trade Show,F st,United States,US,,,,20002,District of Columbia,DC,60,,,001WE00000tkHJ7YAM,,,Woodward Household,,,,,,12364567891,a06WE00000aa9wEYAQ,Woodward Household,F st,United States,US,,,,20002,District of Columbia,DC,60,,,true,Property Owner,
,,United States,US,,,,,,,,,,001WE00000tknR3YAI,,,Test,,,,,,,a06WE00000aa9wFYAQ,Test,,United States,US,,,,,,,,,,true,Property Owner,
Advertisement,Franklin,United States,US,,,,37067,Tennessee,TN,2013 Cedarmont Drive,,,001WE00000tlFFIYA2,,,Johnson Household,,,,,,12345678941,a06WE00000aaQFNYA2,Johnson Household,Franklin,United States,US,,,,37067,Tennessee,TN,2013 Cedarmont Drive,,,false,Property Owner,
,Madison,United States,US,,,,53703,Wisconsin,WI,344 West Dayton Street,,,001WE00000tlZsHYAU,,,Krahnborn,,,,,,,a06WE00000aaV29YAE,Krahnborn,Madison,United States,US,,,,53703,Wisconsin,WI,344 West Dayton Street,,,false,Property Owner,
,,United States,US,,,,,,,,,,001WE00000ttdkDYAQ,,,Kinsey Gardens,,,,,,,a06WE00000agVvVYAU,Kinsey Gardens,,United States,US,,,,,,,,,,false,Home Ownership Association,
,Mt. Juliet,United States,US,,,,37138,Tennessee,TN,412 Brownstone Street,,,001WE00000ttfyvYAA,,,Lutter,,,,,,,a06WE00000agWl7YAE,Lutter,Mt. Juliet,United States,US,,,,37138,Tennessee,TN,412 Brownstone Street,,,false,Property Owner,
Advertisement,Sacramento,United States,US,,,,95814,California,CA,57 J Street,,,001WE00000ttrIYYAY,,,Frederick Household,,,,,,,a06WE00000agh3pYAA,Frederick Household,Sacramento,United States,US,,,,95814,California,CA,57 J Street,,,false,Property Owner,
Advertisement,Brentwood,United States,US,,,,37027,Tennessee,TN,9015 Forest Lawn Drive,,,001WE00000tuXuTYAU,,,Angelo Household,,,,,,1234567891234,a06WE00000agxF3YAI,Angelo Household,Brentwood,United States,US,,,,37027,Tennessee,TN,9015 Forest Lawn Drive,,,false,Property Owner,
,Brentwood,United States,US,,,,37027,Tennessee,TN,9025 Forest Lawn Drive,,,001WE00000tukLRYAY,Finance,,Virsys15,50,,,,,1234567891,a06WE00000ah253YAA,Virsys15,Brentwood,United States,US,,,,37027,Tennessee,TN,9025 Forest Lawn Drive,,,false,Property Management Company,
